{
    "root": {
        "name": "Node",
        "pos": {
            "x": -1.7000000476837159,
            "y": 0.0,
            "z": -1.7000000476837159
        },
        "rot": {
            "x": 0.0,
            "y": 0.0,
            "z": 0.0
        }
    },
    "planes": [
        {
            "name": "Left",
            "pos": {
                "x": 0.0,
                "y": 1.25,
                "z": 1.7000000476837159
            },
            "rot": {
                "x": 0.0,
                "y": -90.0,
                "z": 0.0
            },
            "size": {
                "x": 3.4000000953674318,
                "y": 2.5
            },
            "type": 0,
            "id": 0
        },
        {
            "name": "Front",
            "pos": {
                "x": 1.7000000476837159,
                "y": 1.25,
                "z": 3.4000000953674318
            },
            "rot": {
                "x": 0.0,
                "y": 0.0,
                "z": 0.0
            },
            "size": {
                "x": 3.4000000953674318,
                "y": 2.5
            },
            "type": 0,
            "id": 1
        },
        {
            "name": "Right",
            "pos": {
                "x": 5.099999904632568,
                "y": 1.25,
                "z": 3.4000000953674318
            },
            "rot": {
                "x": 0.0,
                "y": 0.0,
                "z": 0.0
            },
            "size": {
                "x": 3.4000000953674318,
                "y": 2.5
            },
            "type": 0,
            "id": 2
        },
        {
            "name": "Floor",
            "pos": {
                "x": 3.200000047683716,
                "y": 0.0,
                "z": 1.7000000476837159
            },
            "rot": {
                "x": 90.0,
                "y": 0.0,
                "z": 0.0
            },
            "size": {
                "x": 6.400000095367432,
                "y": 3.4000000953674318
            },
            "type": 0,
            "id": 3
        }
    ]
}